review_id,user_suggestion
1,1
2,1
3,1
4,1
6,0
10,1
13,0
20,0
22,1
23,0
29,1
30,0
31,1
33,0
36,1
38,0
40,0
41,1
45,0
54,1
57,1
58,1
59,1
62,1
63,0
66,0
69,1
72,1
73,0
75,0
78,0
80,1
82,1
83,1
84,0
86,0
88,1
91,0
96,1
97,1
100,0
101,1
103,1
106,1
107,0
108,0
109,1
112,1
118,1
120,1
121,1
122,0
123,0
124,0
125,1
126,1
128,1
129,1
141,1
142,0
143,1
146,1
147,1
153,1
154,0
156,1
157,0
161,0
162,1
163,1
164,1
169,0
173,0
174,1
175,0
180,0
182,1
187,0
188,0
189,1
190,0
192,1
193,0
196,1
198,0
199,1
200,0
212,0
213,0
219,0
221,1
224,0
227,1
229,0
234,1
238,0
243,1
245,0
247,0
248,1
250,1
252,0
253,1
255,1
260,0
261,1
263,1
264,1
265,1
268,0
270,1
276,1
279,0
281,0
286,0
291,1
294,1
295,1
297,1
299,1
301,0
303,0
304,1
305,1
308,0
309,0
310,0
313,0
314,1
315,0
316,1
317,1
319,0
320,1
321,1
323,0
332,1
333,1
334,0
335,1
336,0
338,1
340,1
341,0
342,0
344,0
346,1
347,1
350,0
354,1
357,1
359,1
361,0
364,1
365,0
366,0
367,0
369,1
370,0
371,0
375,1
377,1
379,0
380,1
382,1
384,1
385,1
386,0
389,0
391,1
395,1
398,0
399,0
402,1
406,0
410,1
411,0
414,0
415,0
416,1
420,0
421,0
424,1
427,1
430,1
435,0
438,1
439,1
442,0
443,1
444,1
446,0
450,0
452,0
463,0
464,1
465,1
468,1
469,0
471,0
472,1
474,1
476,1
477,0
479,0
481,1
482,0
484,1
485,1
489,0
492,0
495,1
497,1
498,1
502,0
505,0
507,1
508,1
510,0
511,1
512,1
515,1
516,0
517,0
519,1
521,0
522,1
523,1
524,1
525,1
528,1
529,1
532,0
533,1
535,0
537,1
540,1
543,0
545,1
547,0
553,0
554,0
556,1
558,1
559,1
560,1
561,1
562,0
563,1
564,1
567,1
570,1
573,0
576,1
577,0
578,1
584,1
588,0
590,1
597,0
600,1
602,1
603,0
610,1
612,1
617,0
618,0
620,1
623,1
624,1
625,0
629,0
631,0
633,0
635,1
636,0
637,1
640,0
641,1
642,1
643,1
644,0
646,1
650,1
652,1
656,0
659,1
661,1
662,1
663,0
664,0
667,1
671,0
673,0
674,0
676,1
678,1
683,1
687,0
688,0
694,1
696,1
699,0
703,0
707,1
708,1
710,0
711,0
714,0
715,0
717,0
718,1
720,1
723,0
730,0
732,0
733,0
734,0
738,1
739,1
744,1
746,0
755,0
758,1
759,1
765,0
768,1
771,0
772,0
775,0
779,0
780,0
782,0
783,1
785,1
786,0
788,1
795,0
797,1
798,1
799,0
800,1
809,0
810,0
812,0
819,0
826,1
828,1
830,0
832,1
833,1
834,1
836,1
837,1
839,0
840,1
841,0
842,0
843,0
845,1
847,1
848,0
849,1
857,1
860,0
866,0
867,0
871,0
879,0
881,1
883,0
884,1
887,1
890,1
892,0
895,1
896,1
897,0
898,1
904,1
905,1
910,1
915,0
916,1
918,1
919,0
921,1
922,0
924,0
925,1
928,0
929,0
933,1
935,0
938,0
940,0
942,0
944,1
946,0
949,1
952,1
958,1
961,0
966,0
967,0
968,1
970,1
971,1
972,0
976,0
979,1
983,1
984,0
985,1
988,0
989,1
994,1
1002,1
1005,1
1007,1
1008,0
1009,1
1012,1
1013,0
1014,1
1023,0
1026,1
1027,0
1028,0
1029,1
1030,0
1032,1
1034,1
1036,1
1038,1
1040,1
1042,1
1046,0
1050,1
1052,0
1053,1
1055,1
1057,0
1059,0
1060,1
1065,1
1067,0
1070,0
1071,1
1074,1
1077,1
1087,0
1089,1
1091,1
1092,0
1095,1
1101,0
1102,1
1110,1
1111,1
1117,1
1120,0
1123,0
1128,0
1129,1
1133,0
1134,0
1137,0
1138,0
1140,0
1142,0
1143,0
1144,1
1146,1
1149,1
1150,1
1152,1
1155,1
1158,0
1161,1
1166,1
1167,1
1176,1
1177,1
1179,0
1181,1
1183,0
1184,0
1187,0
1188,1
1189,0
1191,0
1193,1
1194,0
1201,0
1203,0
1204,1
1205,1
1206,0
1210,0
1211,1
1219,1
1221,0
1224,1
1230,1
1231,0
1232,0
1237,0
1241,0
1247,0
1249,1
1250,1
1251,1
1252,1
1254,1
1255,0
1257,0
1263,1
1264,1
1265,1
1270,1
1272,0
1273,1
1274,1
1277,0
1279,1
1280,0
1281,1
1283,1
1284,1
1287,0
1288,0
1290,0
1292,0
1295,0
1298,0
1300,0
1305,1
1308,0
1310,0
1315,1
1316,1
1323,1
1324,0
1325,0
1327,0
1331,1
1334,1
1335,1
1337,1
1338,0
1347,0
1348,0
1349,1
1350,0
1358,1
1359,0
1361,0
1369,1
1372,1
1374,1
1375,0
1376,0
1377,0
1380,0
1381,1
1382,1
1385,1
1387,1
1388,1
1389,1
1397,1
1399,0
1400,0
1407,0
1412,0
1416,0
1418,1
1420,1
1424,1
1426,1
1427,1
1428,0
1431,0
1436,1
1437,1
1440,0
1442,1
1443,1
1444,1
1447,0
1449,1
1455,1
1458,0
1459,0
1461,0
1462,1
1471,0
1474,0
1477,1
1482,1
1483,1
1486,0
1488,0
1492,1
1493,1
1494,1
1495,0
1498,0
1501,0
1504,0
1505,0
1510,0
1513,0
1514,0
1516,0
1517,1
1519,1
1520,0
1530,1
1531,0
1533,0
1536,0
1540,1
1542,0
1544,1
1548,0
1554,1
1557,1
1558,0
1560,0
1562,1
1566,1
1567,1
1569,1
1570,0
1571,0
1572,1
1575,0
1580,0
1583,0
1584,1
1588,1
1590,1
1592,1
1593,1
1598,0
1599,0
1601,0
2066,1
2070,0
2071,0
2072,1
2074,1
2080,1
2081,0
2088,1
2092,1
2093,1
2099,0
2100,0
2107,0
2112,1
2114,0
2118,1
2119,0
2126,1
2128,0
2133,1
2136,1
2137,1
2138,1
2139,0
2143,0
2146,1
2154,1
2158,0
2165,0
2166,1
2168,1
2170,0
2173,0
2174,1
2175,1
2176,1
2177,0
2179,0
2184,0
2185,0
2187,0
2189,1
2190,0
2192,1
2193,1
2194,1
2195,1
2196,0
2200,1
2202,1
2203,0
2204,1
2206,1
2208,0
2210,1
2213,0
2214,1
2221,1
2222,0
2226,1
2228,0
2230,0
2233,0
2235,0
2243,0
2246,0
2249,0
2250,0
2264,0
2265,1
2268,0
2274,0
2277,1
2279,0
2280,0
2282,1
2285,1
2286,1
2290,1
2291,1
2302,1
2304,1
2306,1
2311,1
2319,0
2326,1
2327,0
2329,0
2331,0
2332,0
2333,0
2334,0
2335,1
2344,0
2346,0
2348,1
2351,0
2358,0
2361,0
2363,1
2364,1
2365,0
2366,0
2367,1
2370,0
2371,0
2373,0
2376,1
2379,1
2380,1
2382,1
2384,1
2385,1
2386,1
2389,1
2390,1
2391,1
2392,1
2394,0
2403,0
2406,0
2410,1
2413,1
2418,1
2420,0
2423,1
2426,0
2427,1
2432,1
2434,1
2437,1
2439,1
2442,0
2444,0
2445,1
2446,1
2449,0
2451,0
2458,0
2459,1
2460,0
2464,1
2466,1
2469,0
2471,1
2473,0
2476,0
2478,1
2479,0
2481,0
2482,0
2484,1
2486,0
2488,1
2492,0
2496,1
2499,0
2501,1
2503,1
2505,0
2506,0
2508,0
2510,0
2514,0
2517,0
2519,1
2523,1
2528,1
2538,1
2539,0
2541,1
2542,0
2545,1
2546,1
2552,0
2554,1
2555,0
2560,1
2561,0
2563,0
2566,1
2570,1
2571,1
2573,1
2575,1
2576,0
2578,0
2580,0
2582,0
2588,1
2589,0
2590,1
2592,1
2606,0
2607,1
2609,0
2622,1
2624,1
2625,1
2627,1
2630,0
2634,1
2636,1
2638,0
2639,0
2640,1
2641,1
2643,1
2644,1
2645,0
2649,0
2652,0
2653,0
2656,1
2658,0
2660,0
2661,0
2662,1
2663,1
2668,0
2670,1
2673,0
2677,1
2681,0
2683,1
2685,1
2686,0
2687,1
2693,1
2694,1
2696,1
2698,1
2700,1
2702,1
2704,1
2706,1
2708,0
2709,0
2710,0
2713,1
2719,0
2729,1
2731,0
2737,0
2739,0
2743,1
2744,1
2746,1
2752,1
2754,0
2755,1
2756,1
2764,0
2767,1
2769,1
2770,0
2772,1
2774,0
2780,0
2782,1
2785,1
2790,0
2793,1
2794,1
2795,0
2796,0
2799,1
2802,0
2804,0
2805,1
2807,1
2810,0
2815,1
2818,0
2823,1
2825,0
2827,1
2838,0
2839,0
2841,1
2844,0
2845,1
2849,1
2850,0
2851,1
2853,1
2855,1
2856,0
2858,1
2859,0
2860,0
2865,0
2866,0
2868,1
2872,1
2874,0
2875,1
2877,0
2878,0
2879,0
2880,0
2881,1
2882,1
2884,0
2886,0
2887,1
2889,1
2891,0
2898,1
2900,0
2901,0
2904,0
2905,1
2908,1
2909,1
2910,0
2912,0
2913,1
2914,1
2915,1
2918,0
2920,0
2921,1
2925,0
2930,1
2932,0
2934,1
2936,0
2937,0
2940,1
2942,1
2943,0
2944,0
2947,0
2948,0
2949,0
2950,1
2953,0
2954,0
2955,0
2957,0
2960,0
2964,0
2966,1
2968,1
2971,1
2973,0
2975,1
2976,0
2977,0
2978,0
2979,0
2980,1
2981,1
2983,1
2984,0
2986,1
2988,1
2992,0
2997,0
3003,1
3005,1
3011,1
3012,0
3013,1
3017,1
3018,1
3023,1
3024,0
3026,0
3027,1
3034,0
3035,1
3036,1
3038,1
3039,0
3041,1
3042,1
3046,1
3047,0
3048,0
3049,0
3052,1
3055,0
3057,1
3058,0
3060,1
3063,0
3068,0
3069,1
3071,0
3072,1
3080,1
3085,0
3088,1
3089,1
3091,0
3095,0
3106,1
3111,0
3112,1
3115,0
3123,1
3124,0
3129,1
3133,1
3141,0
3142,1
3144,1
3148,0
3151,0
3153,1
3159,0
3160,0
3164,1
3166,0
3169,0
3175,1
3176,0
3184,1
3185,1
3190,0
3195,1
3199,0
3201,1
3202,0
3208,1
3213,1
3217,0
3220,1
3222,0
3229,0
3231,0
3233,1
3235,0
3236,0
3237,1
3238,0
3239,0
3240,0
3241,0
3242,1
3243,1
3250,1
3252,1
3253,1
3254,1
3255,0
3258,1
3259,0
3262,0
3263,0
3264,0
3265,1
3267,1
3268,0
3273,1
3275,0
3276,0
3277,1
3283,0
3285,1
3286,0
3290,1
3291,1
3292,0
3293,0
3294,1
3296,1
3300,1
3302,1
3303,0
3304,1
3306,1
3307,0
3310,0
3312,1
3315,0
3318,1
3320,0
3321,1
3323,0
3324,1
3325,1
3327,1
3330,0
3332,0
3333,1
3334,0
3336,0
3337,0
3340,0
3345,1
3347,1
3349,0
3353,0
3354,0
3358,1
3364,1
3365,0
3368,1
3369,0
3376,1
3377,0
3378,1
3389,0
3393,1
3396,1
3397,1
3401,0
3402,1
3408,0
3410,1
3412,1
3413,1
3415,0
3416,0
3418,1
3422,0
3423,0
3427,0
3428,0
3433,0
3436,1
3438,0
3439,0
3440,0
3442,1
3443,1
3444,0
3445,0
3447,1
3448,1
3450,1
3452,0
3455,1
3457,0
3459,0
3461,0
3462,1
3463,0
3467,1
3469,0
3470,0
3471,1
3479,1
3481,1
3482,0
3483,1
3488,0
3490,0
3491,0
3493,0
3494,0
3495,0
3498,1
3500,1
3501,1
3503,1
3506,1
3507,1
3513,0
3515,0
3524,1
3525,1
3526,0
3528,1
3530,1
3531,1
3532,0
3533,1
3537,0
3542,0
3545,1
3546,1
3548,0
3552,0
3556,0
3558,0
3564,0
3565,1
3568,0
3571,1
3576,1
3577,1
3578,0
3582,0
3585,0
3589,1
3590,0
3592,0
3595,0
3596,1
3597,1
3600,1
3606,0
3610,1
3614,0
3616,0
3617,1
3620,1
3623,0
3624,0
3631,1
3632,0
3634,0
3635,1
3639,1
3640,0
3644,1
3647,0
3649,0
3651,0
3652,1
3653,1
3655,0
3660,1
3661,0
3662,0
3663,0
3664,0
3665,1
3667,0
3668,0
3669,1
3672,1
3674,0
3676,0
3677,0
3679,0
3680,1
3687,1
3692,1
3695,1
3698,0
3700,0
3705,1
3706,0
3707,0
3709,0
3711,1
3715,1
3722,1
3724,1
3725,0
3726,0
3730,0
3734,1
3736,1
3737,0
3741,1
3742,0
3750,1
3751,0
3752,1
3753,0
3754,0
3755,0
3756,0
3757,1
3760,0
3761,1
3762,0
3764,0
3765,1
3769,1
3771,0
3772,1
3778,0
3779,0
3780,0
3781,0
3783,1
3784,1
3791,1
3801,1
3803,1
3804,0
3805,1
3812,0
3814,0
3815,1
3819,0
3823,0
3826,0
3828,0
3829,1
3830,0
3833,1
3834,0
3837,0
3838,1
3840,0
3842,1
3843,1
3847,0
3851,0
3852,0
3853,0
3855,0
3856,1
3858,1
3860,0
3861,0
3862,1
3867,1
3868,1
3870,0
3872,0
3874,1
3875,1
3882,1
3883,1
3884,0
3885,0
3886,1
3888,0
3889,1
3892,0
3895,1
3898,0
3900,0
3903,0
3906,0
3907,0
3908,1
3911,0
3915,0
3918,0
3919,0
3920,1
3923,1
3925,1
3930,1
3932,0
3933,0
3936,1
3940,1
3945,0
3948,0
3949,1
3950,0
3954,0
3955,1
3956,1
3958,0
3962,1
3964,0
3965,1
3966,0
3967,1
3968,1
3971,1
3973,1
3977,1
3980,1
3983,1
3984,0
3986,1
3989,1
3993,1
3996,1
4001,1
4002,0
4007,1
4008,1
4009,1
4015,1
4016,1
4018,0
4022,0
4023,0
4024,1
4030,0
4036,1
4038,0
4039,1
4040,0
4041,1
4046,1
4047,1
4052,0
4053,0
4057,1
4058,0
4060,1
4061,0
4068,0
4073,0
4074,0
4075,0
4079,0
4084,0
4086,0
4090,0
4091,1
4092,0
4093,0
4098,0
4100,1
4101,1
4106,1
4108,0
4109,1
4110,0
4111,0
4115,0
4116,0
4119,1
4122,0
4128,0
4129,0
4130,0
4131,0
4134,0
4137,1
4143,0
4147,1
4148,1
4153,1
4157,1
4161,1
4163,1
4166,1
4167,0
4168,1
4169,0
4173,1
4175,1
4177,0
4179,0
4180,0
4184,0
4188,0
4190,1
4191,1
4198,0
4199,1
4200,0
4212,0
4213,1
4217,1
4218,1
4221,1
4222,0
4224,0
4235,0
4237,0
4238,0
4243,0
4244,0
4249,0
4252,0
4253,1
4256,0
4257,0
4259,0
4261,0
4262,1
4263,1
4264,1
4267,1
4268,0
4269,1
4271,1
4275,1
4278,1
4290,1
4293,0
4295,0
4298,0
4299,1
4303,0
4305,1
4308,1
4312,1
4314,1
4317,1
4320,0
4321,1
4322,0
4323,1
4326,1
4330,1
4331,0
4333,1
4334,0
4335,1
4337,1
4340,1
4344,1
4347,0
4350,0
4354,1
4355,1
4356,0
4360,0
4367,0
4369,0
4370,0
4371,1
4374,1
4375,0
4380,1
4381,1
4386,0
4388,0
4390,0
4391,1
4394,1
4403,0
4415,1
4417,1
4418,0
4427,1
4429,1
4430,0
4433,0
4434,0
4439,1
4441,0
4445,1
4446,0
4447,0
4449,1
4450,0
4457,0
4459,0
4461,1
4468,0
4470,1
4472,0
4474,0
4477,0
4478,0
4479,0
4483,0
4484,1
4485,1
4487,1
4488,1
4491,0
4492,0
4493,0
4495,0
4497,1
4498,1
4499,1
4500,0
4503,0
4504,0
4510,0
4515,0
4516,1
4517,0
4519,1
4521,1
4522,0
4524,0
4525,0
4527,1
4532,1
4536,1
4540,1
4541,1
4545,0
4546,0
5481,0
5484,0
5485,1
5486,1
5487,0
5488,1
5491,1
5494,0
5495,0
5500,0
5501,1
5505,0
5508,0
5517,0
5518,1
5520,1
5523,1
5524,0
5528,0
5535,1
5541,0
5542,1
5543,0
5545,1
5547,0
5549,1
5552,1
5553,0
5559,0
5560,0
5563,1
5564,0
5565,0
5566,0
5568,1
5570,0
5574,0
5577,0
5582,0
5583,1
5584,1
5585,1
5586,0
5591,1
5592,0
5594,0
5596,1
5597,1
5599,1
5606,1
5611,1
5613,1
5614,1
5615,1
5618,0
5622,0
5625,0
5629,0
5633,0
5634,1
5636,1
5640,1
5644,0
5649,1
5650,0
5654,1
5656,0
5660,1
5661,1
5664,0
5671,1
5677,1
5681,0
5687,0
5691,1
5693,1
5698,1
5700,0
5701,0
5706,0
5710,0
5712,0
5716,0
5718,1
5720,0
5723,0
5728,0
5729,0
5731,0
5732,1
5736,0
5740,0
5744,1
5745,1
5748,0
5749,1
5751,0
5752,0
5753,0
5754,1
5760,0
5761,0
5762,0
5765,0
5769,0
5771,1
5772,1
5774,0
5778,1
5791,0
5798,0
5802,0
5803,1
5804,1
5806,1
5810,0
5812,1
5813,1
5814,1
5815,1
5817,0
5818,0
5823,0
5829,0
5831,0
5834,1
5838,1
5839,0
5840,0
5842,0
5843,1
5846,0
5848,0
5849,1
5852,0
5854,0
5855,0
5858,1
5859,0
5860,1
5863,0
5864,1
5865,0
5867,1
5868,1
5869,1
5870,0
5874,1
5876,0
5877,1
6407,0
6408,1
6409,1
6411,0
6412,0
6413,0
6416,1
6417,0
6420,1
6421,1
6424,1
6434,1
6437,1
6439,0
6443,1
6446,0
6448,1
6449,0
6450,1
6459,0
6460,0
6465,0
6468,1
6472,1
6477,0
6479,1
6481,1
6482,0
6486,1
6487,1
6488,1
6491,0
6493,1
6494,0
6495,1
6496,1
6497,1
6502,0
6503,0
6504,1
6505,1
6508,0
6510,0
6516,1
6518,1
6519,1
6520,1
6521,0
6525,0
6526,1
6527,0
6528,0
6529,0
6531,0
6533,1
6535,1
6536,0
6538,0
6539,0
6540,1
6542,1
6544,0
6546,0
6555,0
6556,0
6557,1
6559,1
6562,0
6563,0
6570,0
6571,0
6577,0
6580,1
6581,0
6583,1
6584,1
6587,0
6589,0
6594,0
6595,1
6596,0
6597,1
6603,0
6604,0
6605,0
6608,1
6610,1
6612,0
6613,0
6614,0
6616,0
6618,1
6619,1
6621,0
6623,1
6624,0
6626,1
6628,1
6629,1
6631,0
6632,1
6633,0
6635,1
6636,1
6639,1
6647,1
6648,1
6655,1
6656,0
6664,1
6667,0
6668,1
6670,1
6675,0
6678,1
6680,0
6681,1
6685,0
6690,1
6694,0
6697,0
6700,1
6705,1
6707,1
6710,0
6718,1
6721,1
6727,0
6728,0
6729,1
6731,1
6732,1
6733,0
6737,0
6739,0
6741,0
6743,0
6744,1
6746,1
6748,1
6753,1
6757,0
6758,0
6759,1
6764,1
6768,0
6769,0
6772,1
6780,1
6781,1
6782,0
6784,1
6793,1
6796,0
6803,0
6806,0
6807,1
6809,0
6810,0
6815,0
6820,1
6822,1
6824,1
6826,1
6829,1
6832,0
6835,1
6838,0
6839,0
6840,1
6841,1
6843,1
6844,1
6847,0
6849,1
6850,1
6852,1
6854,0
6866,1
6867,0
6868,0
6869,1
6872,1
6878,0
6879,0
6880,1
6884,0
6887,0
6888,0
6889,1
6900,0
6901,1
6903,1
6908,1
6909,0
6910,0
6911,0
6912,0
6914,0
6916,1
6918,1
6929,1
6932,0
6935,1
6936,0
6939,0
6941,1
6942,0
6943,0
6944,1
6951,1
6952,1
6954,0
6956,0
6957,1
6958,1
6959,1
6962,1
6963,1
6965,1
6966,1
6967,1
6968,0
6969,1
6972,0
6973,1
6974,1
6976,0
6978,1
6979,0
6980,0
6984,0
6986,0
6988,0
6989,1
6990,0
6993,1
6994,0
7001,1
7002,0
7004,0
7005,1
7006,0
7008,0
7009,1
7010,0
7011,0
7012,0
7014,0
7018,0
7020,1
7021,0
7022,0
7023,1
7024,0
7029,1
7031,1
7033,0
7035,0
7037,1
7040,0
7042,0
7045,1
7046,1
7055,0
7057,1
7059,0
7061,1
7065,0
7066,0
7068,1
7071,0
7073,0
7074,1
7078,0
7079,1
7080,0
7081,1
7084,1
7086,0
7093,1
7102,0
7107,1
7108,0
7113,0
7116,1
7117,0
7118,1
7123,1
7124,1
7125,0
7128,1
7129,1
7130,1
7131,1
7137,0
7138,1
7140,0
7143,0
7145,1
7146,0
7148,1
7149,1
7151,0
7153,0
7154,1
7155,0
7156,0
7160,1
7161,0
7162,1
7165,0
7166,0
7169,0
7175,0
7177,1
7180,0
7183,0
7185,1
7186,1
7189,0
7190,0
7191,0
7193,0
7196,1
7197,0
7199,0
7200,0
7205,0
7209,1
7210,0
7211,0
7212,0
7216,1
7217,0
7218,0
7222,0
7224,1
7226,0
7229,0
7230,1
7233,1
7236,1
7237,0
7240,0
7242,0
7247,0
7251,0
7253,0
7254,1
7256,0
7257,1
7263,1
7264,0
7265,1
7269,0
7271,0
7278,1
7286,1
7289,0
7290,1
7296,0
7297,1
7300,0
7301,1
7306,0
7307,0
7309,1
7311,0
7312,1
7313,0
7315,0
7316,0
7318,1
7326,0
7329,0
7331,0
7332,0
7333,0
7335,0
7336,1
7343,0
7344,1
7345,0
7347,0
7349,1
7351,0
7354,1
7355,1
7357,1
7358,1
7360,1
7362,0
7363,1
7365,1
7368,1
7370,0
7372,0
7373,0
7377,1
7378,1
7380,1
7381,1
7392,0
7393,0
7394,1
7395,1
7396,0
7400,0
7406,1
7411,1
7412,0
7413,0
7419,0
7420,0
7424,1
7426,0
7430,1
7432,0
7435,0
7437,0
7438,0
7439,1
7442,0
7444,1
7448,1
7449,0
7450,1
7451,0
7452,1
7453,0
7454,1
7455,1
7458,0
7459,1
7460,0
7464,0
7466,1
7475,1
7476,0
7478,1
7480,0
7483,1
7484,0
7489,1
7490,1
7491,1
7493,1
7495,0
7497,1
7498,1
7499,1
7505,0
7512,0
7513,1
7514,1
7517,1
7520,1
7525,1
7526,1
7528,0
7529,0
7530,0
7534,1
7537,1
7539,0
7545,0
7551,0
7552,0
7554,1
7557,1
7558,0
7560,1
7565,0
7566,1
7571,0
7572,1
7574,1
7575,0
7577,1
7579,1
7580,1
7583,1
7585,1
7588,1
7589,1
7591,0
7592,0
7593,1
7596,0
8050,0
8053,1
8058,1
8059,1
8060,0
8064,0
8067,1
8073,0
8075,0
8076,0
8081,1
8083,0
8084,0
8086,1
8091,0
8094,0
8104,1
8105,1
8106,1
8107,1
8109,1
8110,0
8113,1
8119,1
8123,0
8128,0
8129,0
8132,0
8139,1
8140,0
8142,0
8145,0
8146,1
8149,1
8154,1
8155,0
8156,1
8159,0
8164,0
8167,0
8170,1
8172,0
8174,0
8181,0
8182,1
8183,0
8185,0
8190,1
8192,0
8194,0
8195,0
8196,1
8198,0
8199,0
8201,1
8202,0
8203,1
8204,1
8205,1
8211,1
8212,1
8215,1
8218,1
8219,0
8225,0
8227,0
8228,1
8229,1
8231,0
8232,0
8233,1
8234,1
8239,0
8241,0
8242,0
8243,0
8244,0
8251,0
8252,0
8257,1
8258,1
8259,0
8261,1
8266,0
8267,0
8271,0
8272,1
8273,0
8274,1
8275,1
8277,0
8280,1
8281,0
8282,0
8285,1
8288,1
8289,1
8291,1
8292,0
8294,0
8295,1
8296,0
8297,0
8298,0
8301,1
8302,1
8305,0
8310,1
8318,1
8320,1
8321,0
8323,1
8324,0
8326,1
8329,1
8335,0
8336,0
8338,0
8341,0
8342,0
8351,1
8357,0
8359,1
8361,0
8370,1
8380,1
8381,0
8382,1
8383,1
8384,1
8386,0
8387,0
8388,1
8389,1
8390,1
8393,1
8397,0
8398,0
8399,0
8400,1
8401,0
8402,0
8403,1
8406,1
8409,0
8411,1
8412,0
8416,0
8418,0
8419,1
8420,0
8423,0
8426,1
8429,0
8431,1
8432,0
8436,0
8441,1
8443,0
8445,1
8447,1
8448,1
8449,1
8455,1
8456,1
8458,1
8459,0
8461,1
8463,1
8467,0
8470,1
8475,0
8477,0
8480,0
8482,0
8486,0
8489,0
8496,0
8498,0
8500,0
8502,1
8506,0
8509,1
8516,0
8517,0
8520,1
8521,1
8524,0
8529,0
8530,0
8531,0
8533,0
8540,0
8542,1
8546,1
8548,0
8550,1
8555,0
8556,0
8559,0
8560,1
8562,1
8571,1
8574,1
8575,0
8576,0
8577,1
8578,0
8579,1
8582,1
8584,1
8586,0
8589,1
8594,0
8597,0
8599,1
8600,1
8602,0
8603,0
8605,1
8608,0
8609,1
8612,1
8615,1
8616,1
8618,0
8619,0
8620,1
8621,0
8626,1
8627,1
8628,1
8630,0
8632,1
8633,1
8636,1
8642,0
8643,1
8644,1
8645,1
8646,1
8647,1
8648,1
8651,1
8656,0
8667,0
8671,0
8672,1
8676,1
8682,0
8683,0
8693,1
8695,1
8696,1
8698,1
8699,0
8704,1
8709,0
8710,1
8717,0
8720,1
8722,1
8724,1
8726,1
8728,0
8730,0
8732,0
8734,1
8735,0
8736,1
8742,0
8743,1
8745,1
8747,1
8749,1
8751,1
8752,0
8756,0
8763,1
8764,1
8765,0
8766,1
8769,0
8773,0
8774,0
8781,1
8785,0
8786,1
8787,1
8788,1
8792,0
8795,1
8799,1
8805,0
8808,0
8810,0
8811,0
8812,1
8813,1
8814,1
8815,1
8816,0
8825,0
8828,0
8831,1
8833,0
8834,0
8836,0
8840,1
8843,1
8847,1
8848,0
8849,1
8851,1
8854,0
8855,1
8873,0
8875,1
8878,1
8881,0
8882,1
8885,0
8886,0
8889,0
8892,0
8893,0
8895,1
8896,1
8900,0
8901,1
8905,1
8906,0
8908,0
8909,0
8911,1
8913,1
8921,0
8922,1
8927,0
8934,0
8935,0
8940,0
8942,1
8946,1
8947,0
8948,0
8952,0
8953,0
8954,0
8955,0
8959,1
8960,1
8964,0
8965,0
8966,1
8968,0
8969,0
8970,1
8972,0
8973,1
8975,1
8978,0
8980,0
8981,1
8983,0
8984,0
8986,0
8988,0
8990,1
8991,1
8992,1
8994,0
8996,1
8997,1
9001,0
9003,1
9005,1
9014,0
9017,0
9022,0
9023,1
9024,1
9025,1
9035,1
9036,0
9039,1
9044,1
9047,0
9048,0
9053,1
9055,0
9056,0
9057,1
9059,1
9062,1
9064,0
9070,1
9074,0
9076,1
9078,0
9081,1
9082,1
9083,1
9084,1
9085,1
9088,0
9092,0
9093,1
9095,1
9099,1
9103,0
9105,0
9109,0
9113,1
9114,1
9115,0
9116,0
9117,1
9119,1
9120,1
9122,1
9123,0
9125,0
9126,1
9127,0
9129,1
9130,1
9138,1
9142,0
9145,0
9146,1
9150,1
9151,1
9152,0
9157,1
9160,0
9162,1
9163,0
9165,0
9168,0
9172,1
9173,0
9184,1
9185,0
9186,0
9189,0
9194,1
9196,1
9197,1
9200,0
9201,0
9203,1
9204,0
9205,0
9209,1
9210,1
9212,1
9220,0
9221,1
9223,1
9224,0
9225,0
9227,1
9228,0
9230,1
9231,0
9233,0
9235,1
9238,1
9240,0
9241,0
9243,0
9244,0
9246,1
9248,1
9250,0
9251,1
9252,1
9254,1
9255,0
9256,1
9258,1
9262,0
9265,0
9267,0
9270,1
9273,1
9274,0
9275,0
9276,0
9278,0
9280,1
9281,1
9286,0
9287,1
9289,1
9290,1
9291,1
9296,0
9300,1
9302,0
9306,0
9307,0
9309,0
9312,1
9314,1
9316,1
9317,1
9319,1
9321,0
9322,0
9333,0
9338,1
9339,1
9340,1
9341,1
9349,1
9351,1
9354,0
9363,1
9372,0
9373,1
9375,1
9380,0
9383,1
9385,0
9386,1
9387,1
9389,1
9391,1
9393,0
9394,1
9396,0
9397,0
9398,0
9399,1
9402,1
9404,0
9405,0
9406,1
9407,1
9415,0
9418,1
9422,1
9427,0
9429,1
9431,0
9438,0
9439,1
9442,1
9444,0
9448,1
9449,1
9451,0
9455,1
9457,1
9460,1
9461,1
9462,0
9464,0
9466,1
9473,0
9474,0
9476,0
9479,1
9484,1
9485,0
9489,0
9491,0
9493,1
9496,1
9497,1
9501,1
9502,1
9503,1
9507,0
9512,1
9514,0
9517,1
9519,0
9521,0
9522,0
9527,1
9529,1
9530,0
9531,1
9532,0
9541,0
9543,0
9546,1
9550,0
9557,1
9568,0
9570,1
9574,0
9575,0
9576,1
9577,1
9580,1
9581,0
9582,1
9583,0
9585,1
9587,0
9588,0
9592,1
9593,1
9594,0
9596,0
9600,1
9601,0
9603,0
9604,0
9605,0
9606,0
9608,0
9609,0
9610,0
9612,0
9622,1
9625,0
9626,0
9629,1
9636,0
9640,0
9642,1
9645,1
9648,1
9650,1
9654,0
9656,0
9658,1
9659,1
9669,0
9676,1
9679,1
9680,1
9682,1
9685,1
9687,0
9691,1
9696,1
9697,1
9701,0
9704,1
9705,0
9709,0
9710,0
9713,1
9717,0
9719,1
9722,0
9723,0
9725,0
9731,1
9732,1
9736,0
9738,0
9744,1
9747,0
9748,0
9750,0
9752,1
9755,1
9758,0
9759,1
9763,0
9766,1
9770,1
9771,1
9772,1
9773,1
9775,0
9776,1
9778,1
9781,1
9782,0
9783,0
9784,1
9789,1
9796,0
9801,1
9802,0
9803,1
9806,1
9807,0
9813,1
9814,1
9815,0
9821,1
9825,0
9827,0
9828,1
9829,0
9831,1
9832,0
9833,1
9834,0
9835,1
9836,1
9842,1
10482,1
10483,0
10486,0
10496,0
10497,0
10501,1
10502,1
10504,0
10507,1
10515,1
10521,0
10524,1
10527,0
10531,0
10532,1
10535,0
10536,1
10540,0
10544,1
10545,0
10546,1
10547,1
10552,0
10553,1
10555,0
10557,0
10561,0
10563,0
10566,0
10567,0
10569,0
10570,0
10574,0
10575,0
10577,0
10579,1
10580,0
10581,0
10583,0
10584,0
10586,0
10587,0
10590,1
10592,1
10594,1
10595,1
10598,1
10599,0
10604,0
10605,0
10606,1
10616,0
10617,1
10619,1
10620,1
10621,0
10625,0
10627,1
10629,1
10632,0
10633,0
10636,0
10638,0
10641,0
10644,0
10649,1
10650,0
10651,0
10654,1
10655,0
10656,1
10658,0
10659,0
10661,0
10662,1
10675,1
10676,0
10679,0
10680,1
10684,0
10685,1
10688,0
10692,1
10693,0
10695,1
10696,0
10700,1
10702,1
10709,0
10711,1
10714,1
10715,0
10716,0
10718,0
10721,0
10725,1
10729,0
10733,1
10735,0
10736,1
10739,1
10740,0
10741,1
10744,1
10745,0
10750,1
10752,0
10755,0
10758,0
10759,0
10762,1
10763,1
10765,1
10766,1
10768,1
10775,1
10777,0
10784,0
10785,0
10787,0
10789,1
10794,1
10796,0
10802,1
10804,0
10807,1
10810,1
10811,1
10817,0
10819,1
10821,0
10822,0
10825,1
10826,0
10828,0
10829,0
10832,0
10838,1
10841,1
10846,0
10847,0
10853,0
10854,1
10859,1
10862,1
10866,0
10867,1
10872,1
10873,0
10874,1
10877,1
10881,1
10883,0
10884,1
10885,0
10886,0
10892,1
10895,1
10896,0
10898,0
10900,1
10907,0
10916,0
10919,1
10922,0
10924,0
10925,0
10928,0
10929,0
10931,0
10934,0
10935,0
10939,1
10940,0
10941,1
10944,1
10947,0
10948,1
10952,0
10955,0
10956,1
10960,1
10964,0
10967,0
10970,1
10971,1
10974,0
10975,0
10976,0
10979,0
10980,1
10985,0
10986,0
10987,0
10991,0
10993,1
10994,1
10998,0
11001,0
11006,1
11009,1
11015,1
11016,1
11021,1
11022,1
11027,1
11032,0
11034,0
11037,0
11040,0
11042,0
11045,0
11046,1
11047,0
11048,1
11052,0
11053,0
11056,0
11060,0
11064,0
11067,1
11073,1
11076,1
11081,1
11085,1
11087,1
11091,1
11093,1
11098,1
11099,1
11103,0
11104,0
11105,1
11106,1
11107,1
11109,1
11112,1
11113,1
11118,0
11119,1
11124,1
11127,1
11131,1
11132,1
11134,0
11138,0
11139,1
11140,0
11143,0
11148,0
11149,0
11151,0
11152,1
11153,0
11156,1
11159,0
11164,0
11170,1
11172,0
11173,1
11174,1
11177,1
11179,0
11180,1
11181,0
11184,1
11185,0
11187,1
11192,0
11193,1
11196,1
11197,1
11198,0
11200,1
11201,1
11203,1
11205,1
11210,1
11211,0
11212,0
11214,0
11215,0
11217,0
11219,1
11223,0
11226,0
11227,0
11228,1
11232,0
11233,0
11234,1
11243,0
11251,1
11253,1
11255,1
11256,1
11265,0
11270,0
11271,1
11273,1
11274,0
11275,0
11277,0
11278,1
11282,1
11287,1
11290,0
11297,0
11300,0
11301,1
11302,0
11303,1
11306,1
11307,1
11313,0
11318,1
11321,1
11322,1
11323,1
11324,1
11326,1
11332,0
11333,1
11337,1
11338,0
11340,0
11341,0
11344,1
11349,1
11356,0
11358,1
11362,1
11366,0
11367,1
11368,1
11371,0
11372,0
11373,1
11376,1
11377,1
11380,1
11382,1
11384,1
11385,0
11386,0
11389,1
11395,0
11397,0
11399,1
11400,0
11402,1
11403,0
11406,1
11408,0
11409,0
11415,0
11416,1
11420,1
11422,1
11423,1
11427,1
11435,0
11439,0
11445,0
11446,0
11447,0
11449,0
11450,1
11456,1
11461,1
11462,1
11465,1
11467,0
11469,0
11472,0
11473,0
11475,0
11478,0
11479,1
11486,0
11488,0
11489,0
11490,1
11491,1
11499,1
11501,1
11505,0
11506,1
11509,0
11510,0
11511,1
11512,0
11513,0
11515,1
11517,0
11518,0
11521,1
11525,0
11527,0
11528,0
11532,1
11534,0
11536,1
11538,0
11541,1
11542,1
11546,0
11549,1
11550,0
11555,1
11557,1
11565,1
11567,0
11568,0
11572,1
11575,0
11578,1
11584,1
11592,0
11594,0
11597,1
11600,0
11603,1
11604,0
11605,1
11607,0
11609,0
11611,0
11616,1
11617,0
11618,0
11621,1
11622,0
11626,0
11627,0
11629,1
11633,0
11634,0
11636,0
11639,1
11642,1
11644,1
11645,1
11653,0
11656,0
11657,1
11658,0
11662,0
11663,1
11666,0
11667,1
11670,0
11673,1
11674,0
11678,1
11680,1
11683,0
11685,1
11686,1
11687,0
11689,1
11693,1
11695,1
11697,0
11698,0
11700,0
11702,1
11706,1
11711,0
11712,1
11714,0
11719,1
11723,0
11725,0
11730,0
11735,0
11741,1
11745,0
11747,0
11748,0
11750,0
11751,1
11754,0
11755,0
11757,1
11759,1
11760,0
11762,1
11768,1
11770,0
11771,1
11772,0
11773,1
11778,0
11779,1
11781,0
11782,0
11783,0
11787,0
11789,0
11790,1
11791,0
11793,0
11797,1
11800,0
11801,1
11805,0
11806,1
11807,0
11809,1
11812,0
11813,0
11817,0
11818,1
11820,0
11821,0
11822,1
11824,1
11825,1
11828,1
11829,1
11830,0
11831,1
11833,1
11834,0
11836,0
11838,1
11839,1
11840,1
11841,1
11842,0
11843,0
11845,1
11847,1
11849,1
11850,1
11853,1
11855,1
11856,0
11860,0
11861,0
11862,1
11863,0
11864,0
11868,1
11871,0
11872,1
11874,1
11875,0
11880,1
11881,1
11882,0
11884,0
11885,0
11886,0
11888,1
11890,1
11893,1
11895,1
11896,0
11897,0
11903,1
11904,0
11907,0
11909,1
11910,0
11918,0
11921,1
11922,0
11927,0
11930,0
11933,1
11934,1
11935,1
11936,1
11938,1
11940,0
11948,1
11954,1
11955,0
11958,0
11960,0
11968,0
11972,1
11974,1
11976,0
11978,1
11980,0
11981,1
11982,1
11984,0
11985,0
11986,1
11988,0
11990,0
11994,0
11996,0
11997,0
12000,0
12002,0
12003,1
12007,0
12008,0
12010,1
12011,0
12012,0
12019,0
12021,0
12022,1
12023,1
12025,1
12026,1
12027,0
12028,0
12029,0
12031,0
12039,1
12040,1
12043,1
12047,0
12050,1
12054,1
12056,0
12060,0
12063,1
12064,0
12067,1
12070,0
12073,0
12074,1
12075,0
12077,1
12084,1
12085,1
12088,1
12089,1
12091,1
12097,1
12100,1
12103,0
12107,1
12109,0
12112,0
12113,1
12114,0
12118,0
12119,1
12126,0
12129,1
12130,1
12139,1
12141,0
12142,0
12143,1
12146,1
12148,0
12149,0
12150,1
12154,0
12156,1
12157,0
12159,1
12160,1
12162,1
12163,0
12165,0
12171,1
12177,0
12185,1
12186,1
12187,1
12190,1
12191,0
12193,0
12198,1
12199,0
12202,0
12203,1
12204,1
12207,0
12208,1
12211,1
12216,1
12218,0
12221,0
12225,1
12229,1
12231,1
12234,0
12243,0
12249,0
12255,1
12258,1
12260,0
12263,0
12267,1
12269,0
12270,0
12271,0
12274,1
12275,0
12277,1
12278,0
12279,0
12280,1
12286,0
12287,1
12289,0
12290,1
12291,0
12295,0
12299,0
12301,1
12304,1
12307,1
12315,1
12316,1
12319,1
12326,1
12329,1
12331,0
12332,1
12334,1
12335,0
12336,1
12337,0
12338,0
12343,0
12345,0
12347,0
12348,1
12350,1
12352,1
12354,1
12355,0
12359,1
12362,1
12364,1
12365,0
12367,0
12947,0
12948,0
12952,0
12953,1
12957,1
12958,0
12960,1
12961,0
12962,1
12963,0
12964,0
12967,0
12972,1
12973,0
12975,1
12978,1
12979,1
12982,0
12983,1
12988,1
12990,1
12993,1
12996,1
13003,1
13012,0
13015,1
13016,1
13017,0
13021,1
13022,1
13025,1
13030,1
13031,0
13038,1
13041,0
13042,1
13044,0
13047,1
13048,1
13050,0
13055,1
13056,1
13057,1
13060,1
13061,1
13063,0
13064,1
13067,0
13078,1
13079,1
13081,0
13082,0
13083,1
13091,0
13092,0
13093,0
13095,0
13096,0
13097,1
13099,0
13100,1
13103,1
13105,1
13109,0
13110,1
13111,1
13113,0
13117,1
13118,1
13122,0
13123,0
13125,0
13128,0
13131,0
13134,1
13135,0
13137,1
13138,0
13141,1
13143,1
13148,1
13151,1
13157,1
13159,1
13163,1
13170,0
13172,0
13173,0
13174,1
13176,0
13177,1
13180,0
13184,1
13186,0
13189,1
13190,0
13191,1
13196,0
13200,0
13201,1
13204,0
13206,0
13208,0
13211,0
13215,1
13217,0
13219,0
13221,0
13222,1
13223,0
13225,1
13228,1
13233,0
13234,0
13241,0
13244,0
13245,0
13246,0
13251,0
13253,1
13254,1
13260,1
13261,1
13265,0
13269,1
13272,0
13274,0
13275,0
13276,0
13282,0
13284,1
13286,0
13287,0
13296,0
13297,1
13298,0
13303,0
13304,1
13306,0
13308,0
13313,1
13316,1
13318,1
13320,1
13321,0
13325,1
13327,0
13330,0
13333,1
13334,1
13339,0
13341,0
13343,1
13347,1
13348,1
13352,1
13356,0
13360,1
13363,0
13366,1
13370,1
13371,1
13372,1
13385,1
13387,0
13394,0
13397,0
13401,0
13402,0
13403,1
13404,0
13406,0
13407,1
13408,1
13409,1
13410,1
13411,1
13416,1
13420,0
13421,0
13423,0
13426,1
13427,0
13428,0
13429,0
13430,1
13432,0
13434,0
13435,0
13436,0
13438,1
13439,0
13446,1
13447,0
13448,1
13449,0
13450,1
13451,1
13453,0
13457,0
13459,0
13462,1
13463,0
13465,0
13467,0
13469,0
13472,0
13473,1
13474,1
13475,0
13478,0
13482,1
13484,1
13489,1
13490,0
13491,1
13498,0
13501,0
13502,0
13506,1
13510,0
13512,1
13513,1
13516,1
13517,1
13519,1
13520,1
13521,1
13526,0
13527,0
13532,0
13536,1
13537,0
13538,1
13539,1
13542,0
13546,1
13549,0
13550,0
13551,0
13552,1
13553,1
13554,0
13555,1
13556,0
13558,1
13561,1
13562,1
13565,1
13566,0
13567,0
13571,1
13574,1
13579,0
13581,0
13585,1
13588,0
13590,1
13595,0
13601,1
13607,0
13608,1
13610,1
13614,1
13616,1
13617,1
13621,1
13622,1
13623,1
13624,1
13625,1
13626,0
15452,0
15453,0
15454,0
15455,1
15457,0
15458,1
15460,1
15461,0
15462,1
15463,1
15465,1
15466,0
15467,0
15468,1
15469,1
15470,1
15475,0
15490,1
15491,0
15492,0
15497,0
15499,1
15501,1
15502,0
15503,1
15505,1
15506,1
15508,0
15509,1
15516,1
15518,0
15522,1
15523,1
15526,0
15536,1
15538,0
15540,0
15542,1
15543,0
15546,1
15547,0
15548,1
15549,1
15550,0
15552,0
15553,1
15554,0
15556,0
15561,1
15566,1
15567,1
15568,0
15569,0
15575,0
15579,1
15583,0
15586,1
15590,1
15592,1
15597,1
15599,1
15601,1
15602,1
15603,1
15604,0
15608,1
15612,0
15613,1
15618,0
15628,0
15631,0
15633,1
15635,1
15636,0
15637,1
15638,1
15642,1
15646,1
15647,1
15652,1
15653,1
15654,0
15655,0
15660,0
15661,1
15662,1
15665,0
15666,1
15668,1
15670,0
15676,0
15677,0
15679,0
15687,0
15688,1
15696,0
15697,1
15698,1
15700,0
15702,1
15707,0
15708,1
15712,0
15713,1
15715,0
15717,0
15725,0
15727,0
15728,1
15729,0
15730,0
15732,0
15738,1
15741,1
15743,0
15745,1
15748,0
15749,1
15752,0
15753,0
15754,1
15757,0
15761,1
15762,1
15763,1
15764,0
15767,0
15770,0
15773,0
15777,1
15782,1
15783,1
15784,1
15785,0
15786,1
15791,0
15793,1
15796,1
15800,0
15802,1
15805,1
15806,1
15809,0
15811,1
15814,0
15815,0
15816,1
15817,0
15819,0
15820,0
15821,0
15822,0
15823,1
15827,1
15828,0
15830,1
15832,1
15838,1
15839,0
15845,1
15847,1
15851,1
15853,0
15854,1
15855,1
15859,1
15862,0
15864,0
15871,0
15873,1
15875,1
15882,0
15884,1
15885,0
15887,1
15890,1
15899,1
15902,0
15904,1
15905,1
15910,1
15911,0
15914,0
15924,1
15925,0
15931,1
15934,1
15935,1
15936,0
15937,1
15939,0
15940,0
15941,0
15945,1
15948,0
15949,1
15953,0
15954,0
15955,0
15956,0
15962,1
15963,1
15967,0
16059,1
16061,0
16062,0
16066,1
16067,1
16069,1
16071,0
16080,0
16082,1
16085,1
16092,0
16094,0
16095,1
16099,1
16101,1
16103,0
16105,0
16106,1
16109,0
16112,1
16114,1
16115,0
16119,1
16121,1
16122,1
16123,0
16124,0
16126,1
16127,0
16128,0
16132,1
16134,1
16135,1
16136,0
16139,1
16140,0
16144,0
16146,1
16156,1
16157,0
16158,0
16160,0
16161,1
16162,1
16164,0
16165,1
16168,0
16169,1
16170,0
16171,0
16176,0
16181,1
16182,0
16186,1
16187,0
16188,0
16193,0
16194,1
16196,0
16201,1
16202,1
16206,0
16207,0
16208,0
16212,1
16213,1
16215,1
16221,1
16222,1
16226,0
16227,1
16229,0
16232,1
16234,1
16241,1
16242,1
16245,1
16246,1
16249,0
16250,1
16252,0
16255,0
16263,0
16264,0
16271,1
16274,1
16283,0
16284,1
16286,1
16287,1
16290,1
16291,0
16295,1
16304,0
16306,0
16307,1
16309,0
16310,1
16311,0
16312,1
16313,0
16314,0
16321,0
16322,0
16325,1
16332,1
16335,1
16336,0
16337,1
16344,0
16345,0
16347,1
16348,0
16352,1
16353,0
16354,0
16361,0
16362,0
16367,0
16370,1
16373,0
16376,1
16378,1
16379,0
16382,0
16386,1
16387,0
16391,1
16392,0
16393,0
16399,0
16401,1
16402,1
16404,1
16405,1
16406,1
16407,1
16409,1
16417,1
16424,1
16425,0
16426,0
16427,1
16428,1
16429,0
16434,0
16439,0
16445,1
16449,0
16450,1
16452,0
16453,0
16454,0
16458,1
16460,0
16461,1
16464,0
16466,1
16467,1
16468,0
16469,1
16470,1
16471,0
16472,0
16482,0
16486,1
16490,1
16491,0
16493,1
16495,0
16504,1
16506,0
16507,1
16512,0
16513,0
16514,0
16516,1
16517,0
16518,0
16519,0
16521,1
16524,0
16526,1
16528,0
16530,1
16533,0
16542,1
16546,0
16547,1
16548,0
16550,0
16552,0
16554,0
16560,1
16562,1
16563,0
16564,0
16573,1
16578,0
16579,1
16582,1
16587,1
16588,0
16590,0
16592,1
16596,0
16597,0
16598,0
16600,0
16603,0
16606,1
16611,1
16614,0
16617,0
16618,0
16621,0
16624,1
16626,0
16630,0
16631,1
16639,0
16640,0
16642,1
16644,0
16645,0
16646,0
16650,0
16666,1
16669,1
16671,0
16672,1
16676,1
16677,0
16680,1
16681,1
16684,0
16685,1
16687,0
16689,0
16690,0
16691,0
16692,0
16694,0
16697,1
16698,0
16699,0
16700,0
16701,0
16703,0
16704,0
16705,1
16709,1
16711,1
16712,0
16717,1
16719,0
16720,0
16721,0
16726,0
16727,0
16728,0
16729,0
16731,0
16733,1
16737,0
16739,1
16744,0
16748,1
16753,0
16755,1
16758,0
16760,0
16762,0
16764,1
16767,1
16768,1
16769,1
16770,0
16773,1
16785,0
16786,1
16791,0
16792,1
16797,1
16801,1
16803,0
16807,0
16808,1
16811,0
16813,1
16815,0
16816,0
16818,0
16819,1
16821,1
16823,1
16824,1
16825,1
16832,1
16833,0
16836,0
16837,1
16838,0
16839,0
16843,1
16844,1
16845,0
16846,0
16849,1
16850,1
16856,1
16862,1
16864,0
16870,0
16871,1
16872,1
16875,0
16876,0
16880,0
16881,0
16882,1
16888,1
16890,0
16891,0
16893,0
16894,0
16896,0
16897,1
16898,0
16900,1
16901,0
16902,1
16904,1
16907,0
16908,0
16913,0
16915,0
16916,0
16917,1
16921,1
16923,0
16924,1
16925,1
16928,0
16933,1
16939,0
16940,1
16944,0
16946,0
16947,1
16950,0
16951,1
16956,0
16958,1
16959,0
16962,1
16963,0
16966,0
16967,0
16968,0
16969,0
16972,0
16973,1
16974,0
16980,1
16985,0
16987,1
16988,0
16990,1
16996,0
16997,0
16998,1
17003,1
17005,0
17008,1
17014,0
17016,0
17018,1
17019,0
17020,0
17023,1
17024,1
17025,0
17027,1
17028,1
17034,1
17040,1
17042,1
17043,1
17044,0
17050,1
17052,1
17054,0
17060,0
17061,0
17064,0
17068,1
17069,0
17071,0
17074,0
17076,0
17077,1
17088,1
17093,1
17096,1
17097,0
17098,0
17102,1
17103,1
17104,1
17105,0
17108,0
17109,1
17113,0
17119,0
17120,1
17121,0
17122,0
17126,1
17129,1
17130,1
17134,1
17136,0
17138,1
17140,1
17143,1
17145,0
17146,0
17151,0
17152,0
17153,1
17154,1
17155,0
17159,0
17161,0
17162,1
17164,0
17169,0
17170,1
17176,0
17177,1
17178,1
17191,0
17193,0
17194,0
17195,1
17205,0
17206,0
17209,0
17214,0
17216,1
17219,1
17223,1
17228,0
17229,0
17233,1
17236,1
17238,1
17239,1
17241,0
17242,0
17244,0
17247,1
17248,1
17251,0
17254,0
17258,0
17260,0
17263,1
17264,0
17265,1
17266,1
17267,0
17268,1
17272,1
17275,1
17279,1
17280,0
17284,1
17285,1
17286,1
17287,1
17289,1
17290,0
17291,1
17295,1
17299,1
17301,0
17302,1
17303,1
17306,0
17310,1
17311,0
17314,0
17315,1
17316,1
17321,0
17322,1
17328,0
17329,0
17331,0
17332,1
17333,1
17336,0
17339,1
17340,1
17343,0
17350,0
17352,1
17354,0
17355,1
17359,0
17360,1
17363,1
17366,0
17368,1
17369,1
17373,1
17375,0
17382,1
17383,0
17384,1
17386,1
17387,0
17391,0
17393,1
17395,1
17402,0
17403,1
17404,1
17406,0
17415,0
17416,1
17421,0
17431,0
17435,0
17437,1
17438,0
17439,1
17441,1
17443,0
17444,0
17447,0
17450,1
17451,0
17452,0
17455,0
17457,1
17459,1
17460,1
17461,1
17462,0
17466,1
17469,1
17473,1
17475,0
17477,0
17478,0
17482,0
17484,1
17486,0
17489,0
17494,0
17495,0
17502,0
17506,1
17507,0
17510,0
17511,0
17512,0
17514,0
17517,1
17518,0
17522,0
17523,1
17524,0
17525,1
17527,0
17528,1
17530,0
17533,1
17534,1
17535,0
17537,0
17539,0
17543,1
17547,0
17552,1
17557,1
17558,1
17561,1
17563,1
17566,1
17568,1
17569,0
17572,1
17573,1
17574,0
17584,0
17585,0
17587,1
17590,0
17591,0
17592,1
17593,1
17598,0
17599,0
17600,0
17603,1
17605,1
17606,1
17613,0
17614,0
17615,1
17617,1
17625,0
17626,0
17628,1
17629,0
17631,0
17633,1
17636,0
17639,1
17645,1
17647,1
17648,1
17649,0
17653,0
17654,1
17656,0
17658,0
17661,0
17665,1
17667,1
17668,1
17669,1
17670,1
17671,1
17673,1
17674,1
17680,0
17683,1
17684,1
17686,1
17688,1
17690,0
17692,1
17699,1
17706,0
17707,0
17708,0
17712,1
17713,0
17714,0
17716,0
17717,0
17720,1
17721,0
17722,1
17726,1
17727,1
17728,1
17729,0
17732,1
17734,1
17735,1
17736,1
17737,1
17740,1
17741,0
17742,0
17743,0
17744,0
17745,1
17747,1
17748,0
17751,0
17752,0
17755,0
17757,1
17759,1
17761,0
17774,1
17775,1
17780,1
17782,1
17783,0
17785,0
17786,0
17788,0
17791,1
17795,0
17796,1
17797,0
17801,1
17803,0
17806,1
17807,0
17808,0
17809,0
17811,1
17813,0
17814,0
17815,0
17817,0
17818,0
17820,0
17821,1
17822,0
17826,0
17827,1
17829,0
17831,1
17834,0
17836,1
17837,1
17840,0
17841,0
17851,1
17852,1
17853,1
17854,1
17859,0
17864,0
17865,0
17871,0
17873,1
17874,1
17875,0
17876,1
17877,1
17878,1
17880,1
17885,1
17886,0
17893,1
17899,1
17902,0
17903,0
17905,0
17906,0
17908,0
17910,1
17915,0
17918,0
17919,0
17921,0
17922,1
17924,1
17925,0
17928,1
17929,1
17931,0
17933,0
17935,1
17936,1
17938,0
17940,1
17944,0
17945,1
17946,0
17948,1
17952,1
17958,0
17960,0
17961,0
17966,1
17967,0
17972,1
17973,0
17975,1
17976,1
17977,0
17981,0
17982,1
17985,1
17986,1
17989,1
17990,0
17993,1
17996,1
17999,1
18000,1
18001,1
18002,0
18003,0
18006,1
18009,0
18011,1
18015,0
18016,1
18022,1
18027,1
18029,0
18030,1
18031,0
18038,0
18040,1
18044,0
18045,0
18048,0
18049,1
18050,0
18052,0
18053,1
18057,1
18059,1
18060,0
18063,0
18064,1
18066,0
18070,1
18071,1
18073,0
18078,1
18083,1
18084,1
18085,0
18087,1
18089,1
18091,1
18094,0
18096,1
18100,1
18103,1
18104,0
18107,0
18111,1
18117,1
18118,1
18124,0
18130,0
18131,1
18132,1
18133,1
18134,1
18137,1
18140,1
18141,1
18143,0
18144,1
18152,1
18153,0
18154,1
18155,1
18156,0
18158,0
18161,0
18163,0
18166,0
18167,1
18168,1
18172,0
18173,0
18179,0
18185,1
18187,0
18189,1
18195,1
18197,0
18199,0
18202,1
18205,0
18206,1
18210,0
18212,1
18213,1
18217,0
18219,1
18220,0
18230,1
18232,0
18233,1
18235,0
18244,0
18250,0
18257,0
18260,1
18267,1
18268,1
18269,1
18270,1
18278,1
18279,0
18280,1
18284,1
18286,0
18290,0
18291,1
18296,0
18298,1
18304,0
18307,0
18312,1
18317,1
18320,0
18321,0
18635,1
18637,1
18638,1
18639,1
18640,1
18644,0
18646,0
18647,1
18649,1
18651,1
18652,0
18655,0
18658,0
18660,0
18662,0
18664,0
18672,0
18675,1
18677,0
18678,0
18679,1
18681,0
18684,1
18690,0
18692,0
18699,1
18700,1
18702,0
18705,0
18706,0
18707,0
18708,0
18709,1
18710,1
18713,1
18716,0
18717,1
18721,1
18723,0
18726,1
18728,0
18730,1
18732,1
18733,1
18736,1
18741,0
18743,0
18751,0
18753,0
18754,0
18756,0
18758,0
18759,0
18761,1
18763,1
18766,0
18771,0
18772,1
18773,1
18775,0
18778,1
18779,1
18780,0
18781,0
18782,0
18783,1
18784,0
18786,1
18788,0
18789,1
18790,1
18791,1
18792,0
18795,1
18797,1
18798,1
18799,0
18800,0
18802,0
18809,1
18810,0
18812,1
18813,0
18818,1
18820,1
18822,1
18826,0
18838,1
18841,0
18844,1
18845,1
18848,0
18850,0
18853,1
18857,1
18860,0
18862,0
18870,1
18871,0
18873,1
18880,0
18881,1
18882,1
18883,0
18884,0
18885,1
18887,0
18889,1
18892,1
18894,0
18898,1
18901,0
18903,1
18910,1
18912,1
18913,0
18915,1
18916,1
18919,1
18920,0
18921,0
18924,1
18925,0
18928,0
18929,0
18930,0
18936,0
18940,1
18949,1
18950,1
18959,0
18961,1
18962,1
18965,1
18966,1
18967,0
18969,1
18970,0
18971,0
18972,1
18973,1
18975,0
18977,1
18979,0
18982,1
18983,0
18990,1
18991,1
18992,1
18993,0
18996,0
18998,0
19000,1
19003,1
19007,0
19011,0
19012,1
19013,0
19014,1
19016,0
19017,1
19020,0
19021,0
19022,0
19023,1
19025,0
19026,1
19027,1
19029,0
19031,0
19034,1
19035,1
19037,1
19040,0
19046,1
19048,0
19051,0
19052,1
19056,1
19058,0
19061,1
19062,1
19070,1
19071,1
19072,0
19074,0
19216,0
19217,0
19218,0
19222,0
19225,0
19229,0
19231,0
19235,1
19239,0
19240,0
19241,0
19242,1
19244,0
19245,0
19248,0
19249,0
19252,0
19256,0
19259,0
19263,1
19265,0
19268,0
19269,1
19270,0
19273,1
19274,0
19286,0
19289,0
19290,1
19299,1
19302,0
19310,0
19314,0
19315,0
19318,0
19319,1
19320,0
19322,0
19328,0
19329,1
19330,1
19333,0
19335,1
19337,1
19340,0
19341,1
19342,0
19344,1
19345,1
19347,0
19350,1
19351,1
19353,1
19355,1
19358,0
19359,1
19363,1
19365,1
19366,0
19367,1
19368,1
19369,0
19371,1
19376,1
19377,0
19378,0
19379,0
19380,1
19383,0
19384,0
19385,1
19389,0
19390,0
19391,1
19393,0
19398,0
19399,0
19402,1
19403,0
19404,1
19405,0
19406,0
19407,0
19412,0
19416,1
19417,0
19418,1
19419,1
19423,1
19425,1
19426,0
19427,0
19430,0
19432,0
19437,0
19438,1
19440,0
19443,1
19445,0
19447,0
19448,1
19450,1
19451,1
19452,1
19458,1
19460,0
19463,1
19465,0
19467,0
19469,0
19470,0
19475,0
19477,0
19481,1
19483,1
19485,0
19486,1
19495,0
19496,1
19497,1
19500,0
19501,1
19504,1
19506,0
19511,1
19512,0
19516,0
19517,1
19519,0
19520,0
19521,0
19522,1
19524,1
19526,0
19541,0
19542,0
19546,0
19549,1
19558,0
19560,1
19562,1
19563,1
19565,1
19568,1
19572,1
19573,0
19575,0
19580,1
19581,0
19584,0
19585,1
19588,1
19591,1
19592,0
19594,0
19596,1
19599,1
19603,1
19604,1
19605,1
19607,0
19611,1
19614,0
19615,0
19618,1
19620,0
19621,0
19622,0
19629,0
19634,1
19639,0
19642,0
19643,0
19653,0
19655,0
19658,0
19660,1
19661,1
19662,1
19663,1
19668,1
19670,0
19680,1
19681,0
19684,1
19689,0
19691,0
19692,1
19694,1
19695,0
19696,1
19697,1
19699,1
19701,0
19702,1
19704,0
19705,0
19708,0
19710,1
19711,0
19715,1
19722,1
19727,0
19730,0
19731,1
19732,0
19740,1
19741,0
19744,1
19747,0
19749,0
19753,1
19755,0
19756,0
19757,0
19758,1
19759,0
19760,1
19761,1
19763,0
19766,0
19768,0
19772,0
19774,0
19778,0
19779,1
19780,1
19782,0
19784,0
19785,1
19790,1
19791,0
19795,1
19797,1
19798,0
19804,0
19806,1
19807,1
19810,0
19812,1
19813,0
19815,0
19816,1
19817,0
19818,1
19820,1
19821,1
19823,1
19827,0
19830,1
19831,0
19833,1
19834,0
19836,1
19837,1
19840,1
19848,1
19849,1
19854,1
19855,1
19859,1
19860,0
19862,1
19864,0
19867,0
19873,1
19876,0
19877,1
19879,0
19883,0
19885,1
19887,0
19892,0
19893,1
19896,1
19901,0
19903,1
19904,0
19907,0
19908,0
19912,1
19913,1
19914,0
19916,0
19921,1
19922,0
19925,1
19937,0
19939,0
19941,0
19943,0
19945,1
19947,1
19948,0
19949,0
19950,1
19951,0
19954,1
19957,1
19960,1
19964,1
19965,0
19970,0
19975,0
19976,0
19980,1
19981,1
19983,0
19984,0
19985,1
19987,0
19992,0
19994,1
19996,0
20001,1
20002,0
20004,0
20005,0
20006,0
20007,1
20008,0
20009,1
20014,1
20015,0
20019,0
20020,0
20023,1
20024,0
20027,0
20031,0
20032,1
20033,0
20038,0
20040,1
20041,1
20042,0
20043,1
20044,0
20045,0
20047,1
20048,0
20050,1
20051,1
20053,1
20054,1
20056,0
20058,1
20066,0
20069,0
20071,0
20073,0
20074,0
20075,1
20076,1
20077,1
20079,1
20081,0
20083,0
20085,0
20089,1
20090,1
20094,0
20095,1
20098,0
20100,1
20101,1
20103,0
20106,1
20109,1
20112,1
20114,1
20118,1
20120,1
20124,1
20126,0
20130,1
20133,0
20135,1
20138,0
20139,1
20141,0
20142,0
20144,0
20146,0
20151,0
20153,0
20156,1
20159,1
20160,1
20161,1
20170,0
20177,1
20178,1
20180,1
20181,0
20182,0
20185,0
20186,0
20188,0
20191,0
20192,0
20195,1
20198,0
20199,0
20200,0
20201,0
20208,1
20215,0
20216,1
20223,0
20226,0
20227,0
20231,1
20233,1
20234,1
20237,1
20239,1
20240,0
20248,0
20249,0
20253,0
20254,1
20256,1
20259,1
20262,1
20263,0
20264,0
20266,0
20267,1
20270,1
20273,1
20276,1
20277,1
20278,0
20280,1
20284,1
20669,0
20672,0
20675,1
20676,0
20678,0
20681,1
20682,1
20685,0
20686,1
20689,0
20690,0
20691,1
20693,0
20695,1
20696,0
20697,1
20700,0
20707,0
20709,1
20712,1
20713,1
20715,1
20718,1
20719,0
21509,1
21510,0
21513,1
21515,1
21518,1
21524,0
21525,1
21528,1
21531,1
21532,0
21535,1
21537,0
21542,1
21546,0
21549,0
21550,0
21551,0
21552,1
21554,0
21558,1
21559,0
21561,1
21562,1
21563,0
21568,1
21569,1
21570,0
21571,0
21572,1
21573,1
21576,0
21578,1
21583,1
21584,1
21585,0
21587,1
21588,1
21595,0
21596,1
21598,1
21599,1
21600,1
21601,1
21602,0
21605,1
21606,0
21608,0
21610,0
21612,0
21616,0
21617,0
21618,0
21621,1
21623,0
21624,0
21627,1
21628,0
21630,1
21632,0
21634,1
21635,1
21638,1
21643,0
21644,0
21646,0
21650,1
21651,1
21654,0
21658,0
21660,1
21663,1
21664,0
21666,1
21667,0
21668,1
21669,1
21671,0
21672,0
21673,0
21680,0
21682,1
21683,1
21687,0
21689,1
21697,1
21698,0
21702,1
21703,0
21704,1
21706,0
21709,0
21711,1
21712,0
21714,1
21715,1
21716,0
21722,0
21723,0
21724,1
21725,0
21729,1
21733,0
21736,0
21737,1
21740,1
21743,1
21745,0
21746,1
21751,1
21754,0
21755,1
21756,1
21757,1
21760,1
21765,1
21769,1
21770,0
21772,1
21773,0
21774,1
21775,1
21776,1
21777,1
21782,0
21783,0
21785,1
21793,1
21794,1
21796,0
21797,0
21798,1
21799,0
21800,1
21805,1
21807,1
21809,1
21814,0
21816,0
21817,0
21818,0
21823,1
21825,1
21827,0
21830,1
21831,0
21833,1
21834,0
21837,0
21839,0
21840,1
21841,1
21844,0
21850,0
21851,1
21853,0
21854,0
21856,0
21857,1
21860,1
21861,0
21862,1
21864,0
21866,1
21870,1
21871,0
21872,0
21873,1
21874,1
21877,0
21878,1
21880,0
21882,0
21883,0
21889,0
21890,0
21891,1
21892,1
21893,1
21894,0
21895,0
21898,0
21899,1
21900,0
21901,1
21903,1
21904,0
21905,1
21910,0
21911,0
21913,1
21916,0
21920,1
21924,1
21926,1
21927,1
21937,1
21941,1
21945,1
21947,0
21948,1
21953,1
21954,0
21955,0
21959,1
21960,0
21961,0
21964,1
21966,0
21970,0
21971,0
21972,0
21975,1
21977,0
21979,1
21980,1
21983,1
21986,0
21987,0
21989,0
21990,1
21994,0
21998,0
22000,0
22002,1
22005,1
22006,0
22008,1
22009,1
22010,0
22014,1
22015,0
22016,0
22017,0
22018,0
22021,1
22024,1
22026,1
22027,0
22028,0
22030,0
22032,1
22034,0
22035,0
22038,0
22039,1
22045,0
22047,1
22048,1
22049,0
22051,0
22054,0
22059,0
22061,0
22062,1
22063,0
22064,1
22067,1
22068,1
22071,0
22072,1
22073,0
22076,1
22077,1
22080,0
22084,1
22088,0
22089,1
22094,0
22095,0
22098,1
22102,0
22107,0
22109,1
22110,0
22112,0
22115,0
22117,1
22118,1
22119,0
22120,1
22123,0
22124,1
22125,1
22126,0
22130,0
22131,1
22132,0
22135,1
22140,1
22147,0
22149,0
22150,0
22151,1
22152,1
22153,1
22157,0
22159,1
22162,0
22163,0
22167,0
22170,1
22171,0
22173,1
22180,0
22181,1
22183,0
22187,1
22188,1
22190,1
22192,0
22195,1
22200,0
22202,0
22207,0
22210,0
22212,0
22213,1
22214,0
22218,1
22220,0
22221,1
22227,1
22228,1
22233,1
22234,1
22235,0
22237,0
22239,1
22240,0
22241,1
22244,0
22245,1
22250,0
22251,1
22257,1
22258,1
22259,0
22260,1
22262,1
22263,1
22264,0
22265,1
22266,1
22267,1
22268,1
22270,0
22272,0
22277,0
22278,0
22285,0
22288,0
22291,1
22294,0
22295,0
22297,0
22299,1
22300,0
22301,1
22303,0
22304,0
22309,0
22311,0
22312,1
22313,0
22315,0
22316,0
22317,0
22318,1
22319,1
22320,1
22321,0
22322,0
22323,1
22327,1
22329,0
22337,0
22338,1
22339,0
22343,1
22345,0
22346,1
22347,0
22348,1
22351,0
22352,1
22354,1
22355,0
22356,0
22357,0
22359,0
22360,0
22361,1
22362,1
22367,0
22368,0
22369,1
22371,0
22373,0
22376,1
22384,1
22391,1
22392,0
22394,1
22395,0
22397,1
22398,1
22399,1
22405,1
22406,0
22407,0
22414,0
22416,0
22418,0
22419,1
22424,0
22425,0
22429,0
22430,0
22435,0
22437,1
22443,1
22445,0
22446,1
22450,0
22452,1
22457,0
22459,1
22464,0
22468,1
22471,1
22473,0
22474,0
22477,1
22478,1
22489,1
22491,1
22496,1
22497,0
22498,1
22501,1
22506,0
22509,0
22516,1
22518,1
22519,0
22523,0
22525,0
22536,1
22862,1
22863,0
22871,0
22872,0
22874,1
22875,0
22881,1
22883,1
22886,0
22887,0
22889,1
22890,0
22892,0
22894,0
22896,1
22898,1
22900,0
22903,0
22904,0
22905,1
22906,0
22908,1
22911,1
22913,0
22915,0
22916,0
22918,1
22919,1
22922,1
22925,1
22926,0
22928,1
22930,0
22931,0
22932,1
22934,0
22937,0
22938,0
22948,1
22950,1
22953,1
22957,1
22961,0
22962,1
22963,0
22969,1
22974,1
22981,0
22986,1
22987,1
22990,1
22991,0
22992,0
22995,1
23000,0
23001,1
23007,1
23008,0
23009,1
23010,1
23012,0
23015,1
23016,1
23017,1
23018,1
23022,1
23026,1
23028,1
23031,1
23032,0
23035,1
23036,0
23037,0
23038,0
23039,0
23040,0
23041,0
23044,0
23045,0
23049,0
23050,0
23051,1
23055,0
23060,0
23061,1
23063,0
23065,1
23068,0
23069,0
23070,0
23072,0
23074,1
23075,1
23076,0
23080,0
23081,1
23083,0
23084,1
23085,1
23086,1
23089,1
23092,0
23093,1
23096,1
23101,1
23105,1
23107,0
23109,0
23112,0
23123,0
23130,1
23131,1
23135,0
23143,0
23151,0
23154,0
23155,1
23156,0
23161,0
23165,0
23166,1
23172,1
23173,0
23174,1
23181,1
23182,1
23183,0
23184,1
23185,1
23186,1
23189,0
23190,0
23191,0
23192,0
23193,0
23194,0
23199,1
23204,0
23205,0
23206,1
23207,1
23215,0
23216,1
23217,1
23221,0
23224,0
23226,0
23230,1
23234,0
23235,0
23236,0
23240,0
23241,1
23242,1
23246,1
23252,1
23253,0
23256,0
23258,0
23261,0
23262,0
23264,1
23268,1
23278,0
23279,0
23283,0
23284,1
23288,1
23290,0
23295,0
23296,1
23298,1
23302,0
23308,0
23309,1
23310,0
23311,0
23313,0
23314,1
23316,0
23317,0
23320,0
23324,0
23326,0
23335,0
23338,1
23339,1
23340,0
23341,1
23342,1
23345,1
23347,0
23353,1
23354,1
23356,1
23358,0
23362,1
23363,1
23364,1
23365,1
23368,0
23374,1
23375,1
23377,1
23379,0
23380,0
23382,0
23383,0
23384,1
23387,1
23389,1
23391,1
23392,1
23400,1
23406,1
23407,1
23408,1
23411,0
23412,1
23413,0
23414,1
23415,0
23416,0
23417,1
23418,1
23425,0
23427,1
23429,1
23430,0
23433,0
23435,1
23437,0
23438,0
23441,1
23442,0
23445,1
23448,1
23449,1
23450,0
23454,0
23455,0
23456,1
23460,0
23462,1
23463,0
23472,1
23476,0
23487,1
23488,1
23489,1
23492,0
23496,0
23497,0
23498,1
23500,0
23502,0
23504,1
23508,0
23509,0
23510,0
23514,1
23516,0
23521,0
23524,1
23526,0
23529,0
23532,0
23533,1
23535,1
23538,0
23539,1
23543,0
23545,0
23548,1
23549,1
23550,0
23556,1
23559,1
23561,1
23573,0
23574,1
23577,1
23579,1
23580,1
23582,1
23584,1
23585,0
23590,1
23591,0
23592,0
23593,0
23598,1
23602,1
23603,1
23607,0
23608,0
23610,1
23612,1
23614,1
23615,0
23616,0
23617,0
23629,0
23632,1
23640,0
23641,0
23645,0
23648,0
23649,0
23652,0
23653,1
23654,1
23656,1
23659,1
23662,1
23665,0
23666,1
24092,0
24093,1
24094,1
24097,1
24098,1
24099,0
24102,1
24103,1
24104,0
24105,0
24112,1
24113,1
24115,1
24116,1
24118,0
24122,0
24123,0
24125,1
24134,0
24142,0
24146,0
24147,0
24148,1
24153,1
24154,1
24155,0
24157,0
24159,1
24162,1
24168,0
24171,1
24172,0
24175,0
24177,0
24179,0
24181,1
24187,1
24188,1
24189,0
24190,0
24191,0
24196,1
24198,1
24203,1
24208,0
24211,0
24212,1
24217,1
24219,1
24224,1
24227,0
24229,0
24230,0
24237,0
24239,0
24240,1
24241,1
24242,1
24245,1
24251,1
24253,1
24256,1
24257,0
24259,1
24263,0
24265,1
24269,0
24270,0
24273,1
24274,1
24276,0
24277,0
24282,1
24287,0
24289,0
24292,1
24295,1
24298,1
24299,1
24301,1
24306,1
24307,1
24310,0
24311,0
24312,0
24313,1
24316,1
24317,0
24318,0
24320,0
24321,1
24325,1
24330,0
24333,0
24334,1
24335,1
24337,1
24342,0
24353,1
24354,1
24355,0
24356,0
24359,1
24362,1
24363,0
24364,1
24366,0
24367,0
24368,1
24370,0
24372,1
24375,1
24381,1
24494,0
24495,1
24496,1
24497,0
24502,0
24503,1
24515,1
24520,0
24528,1
24529,0
24530,1
24531,0
24532,0
24538,1
24541,0
24551,1
24552,0
24554,1
24561,1
24564,1
24571,0
24576,0
24583,1
24584,0
24585,0
24588,1
24589,0
24590,1
24592,1
24595,1
24598,1
24600,0
24601,0
24602,1
24603,0
24605,0
24607,0
24608,0
24610,0
24611,1
24612,0
24613,1
24615,0
24618,1
24619,1
24620,0
24623,1
24624,1
24625,1
24628,1
24631,0
24633,1
24634,0
24636,0
24638,1
24644,0
24645,0
24649,1
24652,1
24653,1
24654,1
24655,1
24656,1
24657,0
24660,0
24661,0
24662,1
24665,1
24667,1
24668,0
24669,1
24670,1
24677,1
24680,1
24681,0
24683,1
24686,1
24689,1
24692,1
24694,1
24698,1
24702,0
24703,1
24704,1
24707,1
24708,0
24713,1
24714,1
24715,1
24720,1
24727,0
24728,1
24730,0
24731,0
24733,1
24734,1
24739,0
24741,0
24742,1
24745,1
24749,1
24750,0
24753,1
24754,0
24761,0
24767,1
24768,1
24769,1
24770,0
24776,1
24777,1
24778,1
24780,0
24781,0
24783,0
24787,1
24788,0
24789,1
24792,0
24793,0
24794,0
24795,1
24796,1
24797,1
24799,1
24801,1
24802,0
24809,1
24810,0
24812,0
24814,0
24816,0
24821,0
24824,0
24825,0
24827,0
24830,1
24834,0
24835,1
24836,1
24839,1
24841,1
24842,0
24843,1
24845,1
24848,1
24852,1
24856,1
24857,1
24862,1
24863,0
24864,1
24868,1
24870,0
24874,0
24883,1
24885,0
24886,0
24887,1
24888,1
24889,1
24894,1
24896,0
24898,0
24900,1
24901,0
24902,0
24903,1
24905,1
24906,0
24908,1
24915,0
24916,1
24917,1
24918,0
24919,1
24925,1
24927,1
24929,0
24930,1
24935,0
24936,0
24942,0
24946,0
24947,1
24950,1
24953,1
24954,0
24956,1
24958,1
24959,1
24960,0
24961,0
24965,0
24966,0
24969,0
24970,0
24973,0
24974,0
24976,1
24977,0
24980,0
24981,0
24983,1
24987,1
24991,1
24994,1
24996,1
25003,0
25006,0
25008,1
25010,1
25011,1
25013,1
25017,0
25022,1
25023,1
25024,0
25026,1
25030,1
25031,1
25037,0
25041,0
25042,1
25044,0
25045,0
25046,1
25047,1
25048,1
25053,1
25054,1
25057,0
25060,1
25067,0
25068,0
25069,1
25070,0
25071,0
25073,1
25075,0
25076,1
25078,0
25079,0
25083,0
25086,1
25088,1
25089,1
25090,0
25091,1
25092,0
25095,0
25100,1
25101,1
25103,1
25105,0
25107,1
25108,0
25112,1
25115,1
25116,1
25120,1
25121,1
25125,0
25203,0
25204,0
25207,0
25208,1
25210,1
25211,1
25212,0
25215,0
25219,0
25221,1
25222,0
25223,0
25224,0
25226,0
25230,1
25231,1
25237,1
25238,1
25241,0
25242,1
25246,0
25248,0
25255,1
25256,1
25258,0
25260,0
25264,1
25267,1
25269,1
25270,0
25272,0
25276,0
25280,0
25281,1
25289,1
25291,0
25295,1
25296,0
25297,0
25298,1
25300,0
25301,1
25302,0
25308,0
25309,1
25311,0
25313,0
25315,1
25317,1
25318,0
25319,1
25320,0
25322,0
25327,0
25328,1
25333,1
25338,1
25342,1
25346,1
25347,1
25348,0
25349,0
25352,0
25353,1
25356,1
25359,0
25362,0
25368,1
25369,0
25370,1
25371,0
25372,0
25373,0
25377,1
25378,0
25384,0
25387,1
25388,0
25389,0
25391,0
25392,0
25394,0
25395,1
25396,1
25401,0
25404,0
25406,0
25407,0
25409,0
25413,1
25414,0
25415,1
25416,0
25417,1
25418,1
25422,1
25423,1
25426,1
25427,0
25429,1
25431,0
25435,1
25436,0
25437,1
25439,0
25443,0
25444,1
25452,1
25453,0
25454,1
25455,1
25460,0
25466,0
25467,1
25469,1
25472,1
25475,0
25478,1
25482,0
25484,1
25491,0
25492,0
25503,0
25504,0
25505,0
25508,1
25509,1
25510,1
25513,0
25514,0
25518,0
25520,1
25524,0
25526,1
25528,1
25530,1
25535,0
25536,0
25537,0
25539,0
